asset,candidate,n_features,n_days,RMSE_ret,RMSE_vs_naive_pct,RMSE_vs_served_pct,DM_p_vs_naive,DM_p_vs_served,DirAcc_pct,DirAcc_pvalue,UpCalls_pct
Bitcoin,"served: Combined (6 models, all features)",29,2328,0.03233829449999089,-0.018491776806761617,0.0,0.8657416112549199,,50.77319587628866,0.2341076237868238,67.09621993127148
Bitcoin,E5a: Combined (4 tabular models),29,2328,0.032309118322851146,-0.10869684914350808,-0.09022175594248782,0.4152771734130103,0.03778716356396661,50.38659793814433,0.36229716520706023,60.69587628865979
Bitcoin,"E5b: Combined (4 tabular models, compact features)",19,2328,0.03233791890230162,-0.019653026156452036,-0.0011614641250434765,0.8803033217817029,0.9882910085186973,48.84020618556701,0.872840990586055,57.77491408934707
Bitcoin,E5c: Combined zero-drift,29,2328,0.03229554430542565,-0.15066414382719495,-0.1321968125599593,0.09374021071069438,0.02700754705262076,50.51546391752577,0.3167960219214011,48.281786941580755
Bitcoin,E5b detail: Ridge compact vs full,19,2328,0.03235433766701218,0.031109479544766394,-0.0189011435384856,0.7703285188108249,0.5194169188446569,49.61340206185567,0.6531266953207024,60.609965635738824
Bitcoin,E5b detail: RandomForest compact vs full,19,2328,0.03237179164920638,0.08507260565449037,0.0860633797589383,0.6792172243366719,0.359407664388375,48.84020618556701,0.872840990586055,54.33848797250859
Bitcoin,E5b detail: LightGBM compact vs full,19,2328,0.032421336528444845,0.2382523520693569,0.272379573085324,0.22267838634540693,0.12519513337618182,49.14089347079038,0.8022662480139497,54.29553264604811
Bitcoin,E5b detail: CatBoost compact vs full,19,2328,0.03236971843456275,0.07866277080867956,0.16964107225920788,0.6201515478653747,0.16577478419740177,48.88316151202749,0.8640000053801289,59.79381443298969
Gold,"served: Combined (6 models, all features)",28,1584,0.011344575931808033,-0.2131082649930005,0.0,0.08472761941111884,,52.534854245880865,0.023348927407011645,74.17929292929293
Gold,E5a: Combined (4 tabular models),28,1584,0.011339621725549545,-0.2566854640456806,-0.04367026399458851,0.120098807267218,0.49885592959702274,55.133079847908746,2.493079362804804e-05,86.42676767676768
Gold,"E5b: Combined (4 tabular models, compact features)",18,1584,0.011347068541418344,-0.19118327045667405,0.021971818297084056,0.24135257688351452,0.7546917521064422,55.06970849176172,3.0903970676795234e-05,85.35353535353535
Gold,E5c: Combined zero-drift,28,1584,0.011364365211729956,-0.03904175559215073,0.1744382517326004,0.7545046317869284,0.026519882781069537,47.97211660329531,0.9491255431100172,28.093434343434343
Gold,E5b detail: Ridge compact vs full,18,1584,0.011347637682128136,-0.18617710868109594,0.022257272967807218,0.05152599912165834,0.5348652695410401,55.32319391634981,1.2898048378806362e-05,96.78030303030303
Gold,E5b detail: RandomForest compact vs full,18,1584,0.011381333499031077,0.11021130225887799,0.03785739709254443,0.6548066201852771,0.49090386148030163,52.344740177439796,0.033037939791440346,72.22222222222221
Gold,E5b detail: LightGBM compact vs full,18,1584,0.011377328364655503,0.07498213964214351,0.22182792339877633,0.5089302909648827,0.0015140772709805184,55.133079847908746,2.493079362804804e-05,94.06565656565657
Gold,E5b detail: CatBoost compact vs full,18,1584,0.011320847342386257,-0.4218249413930675,0.013815398685257385,0.27131045992664093,0.8923073436703675,54.68948035487959,0.00010652502045494927,85.1010101010101
Silver,"served: Combined (6 models, all features)",29,1584,0.024701428050500636,-0.057564151131594965,0.0,0.6913831686444678,,52.718078381795195,0.016280426608959474,77.96717171717171
Silver,E5a: Combined (4 tabular models),29,1584,0.024709558103779873,-0.02466980483523118,0.03291329255383779,0.8506632788785247,0.4860323611569002,51.390644753476614,0.13982454953635493,72.09595959595958
Silver,"E5b: Combined (4 tabular models, compact features)",19,1584,0.024738608809150013,0.09286988768311133,0.15052068476917313,0.5634900277406198,0.1789527472603556,51.959544879898864,0.06254430188125086,66.47727272727273
Silver,E5c: Combined zero-drift,29,1584,0.024709270984631066,-0.025831494234396235,0.03175093405285434,0.8364367288242622,0.4281552410547975,49.873577749683946,0.5500163244365952,38.25757575757576
Silver,E5b detail: Ridge compact vs full,19,1584,0.024726042066843666,0.04202461532825108,-0.01101530012369567,0.7746035026901827,0.7593924448677503,52.90771175726928,0.011056631519364134,88.69949494949495
Silver,E5b detail: RandomForest compact vs full,19,1584,0.024757908876578416,0.17095831831548391,0.04670587639619139,0.5377780521654763,0.5844791227383732,52.21238938053097,0.04137310698744455,55.36616161616161
Silver,E5b detail: LightGBM compact vs full,19,1584,0.024731730208043815,0.06503894008036415,0.13715073842364145,0.5325665163046467,0.034691924856362855,53.855878634639694,0.0011692711496903891,78.8510101010101
Silver,E5b detail: CatBoost compact vs full,19,1584,0.024860888524494026,0.5876158829916323,0.6192705302735968,0.09342031072453505,0.06747717926320562,52.97092288242731,0.00967443799358062,73.42171717171718
