config_id,p_n_estimators,p_learning_rate,p_num_leaves,p_min_child_samples,p_subsample,p_colsample_bytree,p_reg_lambda,RMSE_ret_mean,RMSE_ret_std,MAE_ret_mean,MAE_ret_std,R2_ret_mean,R2_ret_std,RMSE_usd_mean,RMSE_usd_std,DirAcc_pct_mean,DirAcc_pct_std
9,600,0.01,8,50,0.8,0.8,5.0,0.023894979781947812,0.006246124991519383,0.015920609798787504,0.0026497123680572117,-0.00032714827980454,0.0037959025575651007,1.0024624508316131,0.8909094320102234,53.287463239994885,2.119415719268995
33,600,0.03,8,50,0.8,0.8,5.0,0.023908881800333015,0.006210325936825159,0.015924661591012718,0.002621051767899908,-0.002396228835686076,0.007189679752712873,1.0030167493086948,0.8900648608263344,52.401227464518605,1.8454647378968156
2,600,0.01,4,50,0.8,0.8,0.0,0.023911728798553973,0.006229031205996983,0.01592901664112468,0.0026411650559327996,-0.0022109849724028796,0.002878706618107268,1.002878356534964,0.8905532367807093,53.91861654519883,1.6345783984700852
8,600,0.01,8,50,0.8,0.8,0.0,0.023918605629619345,0.006221928266584192,0.015933907252189516,0.0026336984356447315,-0.0030209958511691892,0.005694701751758229,1.0031276832246747,0.8904045627768744,52.90707710011508,2.2956255922567674
1,600,0.01,4,20,0.8,0.8,5.0,0.023923493275132532,0.006249194436412928,0.01594252981633295,0.0026311213530203982,-0.002811114116270663,0.0023447632714445727,1.0044570663725951,0.8937652435840787,51.76863572433193,2.2100687573022832
37,600,0.03,15,20,0.8,0.8,5.0,0.02392756422608051,0.006253795137134903,0.01594828260062545,0.002642946870163569,-0.0030271845889403015,0.0027749288440445706,1.0039125748578452,0.8927294750817787,50.37926735711546,2.6442639818032183
5,600,0.01,4,100,0.8,0.8,5.0,0.023929269417625167,0.006198269448368981,0.0159279237814853,0.002634991278733359,-0.004525353780327729,0.00581402793802928,1.0031507884702333,0.8899378621118965,52.96908963048203,2.6990810353052743
27,600,0.03,4,50,0.8,0.8,5.0,0.02392973486600762,0.006226807387034175,0.01591504501528515,0.002623967280224353,-0.003941918090795915,0.005751316979596466,1.0051182493509008,0.8937085337264178,52.78017516941567,1.2060868651167136
26,600,0.03,4,50,0.8,0.8,0.0,0.023931979748893807,0.006213264977121974,0.015928193845243924,0.0026055735132760015,-0.0044525362539744595,0.007480333390535577,1.0049849072718495,0.8928961755082342,52.022279759621526,1.5740431743809082
7,600,0.01,8,20,0.8,0.8,5.0,0.023934884517314632,0.006259182010796361,0.015947699094997637,0.002640975840377037,-0.0036225403491624286,0.0030328365164574047,1.0053002918599951,0.8950708886370629,51.2642245237182,0.5431156463263432
29,600,0.03,4,100,0.8,0.8,5.0,0.023935373136372763,0.006172935315096291,0.015939499106503583,0.002600765395482448,-0.005659752824048653,0.009021218769327138,1.003701234255261,0.890000939666989,51.579081958828795,2.0685833389394808
28,600,0.03,4,100,0.8,0.8,0.0,0.02393578037274198,0.006184537104268715,0.015927114685689768,0.0026190631387201864,-0.005429896480052959,0.007822582420818293,1.0036571600728466,0.8902717873006764,52.715445595192435,2.9993544402770205
3,600,0.01,4,50,0.8,0.8,5.0,0.023936163528236302,0.006221321434051986,0.015918676786830278,0.0026135135055292717,-0.004637517266020269,0.0058373127212003,1.005576766417126,0.893849834529745,52.97100754379236,1.0203404334635398
15,600,0.01,15,50,0.8,0.8,5.0,0.023938205401860063,0.0062062071233136154,0.015946877279982848,0.0026208929952636984,-0.005181911829211516,0.008728454129345831,1.0036310918939562,0.8902639661255689,53.03429868303286,0.8140198869013399
32,600,0.03,8,50,0.8,0.8,0.0,0.023938631957828922,0.006187791272639354,0.015937490284813796,0.002616860719079269,-0.005684272316693856,0.012954201247165276,1.0040415851235178,0.8899343009475367,52.21311213399821,1.2733554952879256
21,600,0.01,31,50,0.8,0.8,5.0,0.023938754572036924,0.006207996142091614,0.015945215996746274,0.0026269388198074803,-0.005193435192670459,0.008646222580377845,1.003698254525184,0.8902713829983862,53.223692622426796,0.8947678837932785
0,600,0.01,4,20,0.8,0.8,0.0,0.023941288739796576,0.006251241867091161,0.015943701089135058,0.0026278444398219595,-0.004384064493503925,0.0031977431610749844,1.006168742965674,0.8960560514989442,52.084611942206884,2.4777105711614484
19,600,0.01,31,20,0.8,0.8,5.0,0.023942728080166988,0.006275536627896649,0.015946840741244674,0.002649232041415295,-0.003969584882117155,0.004208008824550788,1.0056938306586858,0.8959558481045937,50.632431914077486,1.9004335669646795
6,600,0.01,8,20,0.8,0.8,0.0,0.023943777606759024,0.006265195969467006,0.015949628414390855,0.002637472510932716,-0.004304988368786344,0.003062959299216809,1.0059191770398592,0.8957785788659751,51.26342539317223,1.6820783959816727
4,600,0.01,4,100,0.8,0.8,0.0,0.023944293490545915,0.006182002853296655,0.015945842597615556,0.0026119810905073097,-0.006284055211146361,0.008971229170261729,1.0035395201867663,0.88964134782534,52.84266717811022,2.6120514955136174
44,600,0.03,31,50,0.8,0.8,0.0,0.023945993874701275,0.006214171727622061,0.0159524921298841,0.00262359223490829,-0.005766961726186265,0.010818178113558242,1.0047406689018763,0.8921421460206884,52.907876230661046,1.009061960022025
45,600,0.03,31,50,0.8,0.8,5.0,0.02394737181119551,0.0062009510240984165,0.015957033215214744,0.0026256561167455152,-0.006153926529579495,0.010486467117867682,1.0043621839154475,0.8909986235036449,51.26518348037335,1.489534270151742
14,600,0.01,15,50,0.8,0.8,0.0,0.02394737726186072,0.006198438427112283,0.015957289316995575,0.002615634149523802,-0.006181685546986115,0.008928188525670974,1.0038167552502228,0.8900665774717085,52.338735455824065,1.4141022789631923
31,600,0.03,8,20,0.8,0.8,5.0,0.02394917797762083,0.006223551449120041,0.015965011842056304,0.0026250193839924647,-0.005658604939851708,0.0027401915800415646,1.0048258880355434,0.8923668596633041,50.82102672292546,0.956196040799307
20,600,0.01,31,50,0.8,0.8,0.0,0.023954628959590857,0.006193551193386507,0.015963287902886463,0.002606922394913169,-0.006965073949044387,0.0101344453202211,1.0038768978067192,0.89004534741345,52.27560414269276,1.6399850131100187
25,600,0.03,4,20,0.8,0.8,5.0,0.02395723993003345,0.006265809333804586,0.015951090206771646,0.0026364527674632467,-0.005538544139300772,0.00336150483887288,1.0078734962017495,0.8988823972358342,50.82246515790819,1.0604387550421714
12,600,0.01,15,20,0.8,0.8,0.0,0.023958123844338,0.006272270874366615,0.015955077502862514,0.00264417799669492,-0.005456968934948958,0.0034336543447902987,1.0067302390104058,0.8967742145990238,51.89585730724971,2.71811472462525
38,600,0.03,15,50,0.8,0.8,0.0,0.02396297606744427,0.006177128412812925,0.015973377388449166,0.0025818431174639777,-0.00818162855179047,0.015675282172531065,1.0047218030393088,0.89073236107304,52.213431786216596,1.7310075422972981
43,600,0.03,31,20,0.8,0.8,5.0,0.023965967951437607,0.006250860198582768,0.015969090763967977,0.002633841571030773,-0.006604877372589246,0.0031078287832157266,1.0060416500183347,0.8952820004168508,50.88351873162,2.164857197901487
24,600,0.03,4,20,0.8,0.8,0.0,0.023967683313611605,0.006271668672083442,0.01595904121749847,0.0026318768238000733,-0.006339356124076045,0.0036199764835259138,1.008546364242088,0.8998302538517786,49.495109321058685,1.1675890838797707
30,600,0.03,8,20,0.8,0.8,0.0,0.023968218182602394,0.006225002853637702,0.01597380600031302,0.002632316627905713,-0.007298844851568953,0.004368019098784537,1.005756168109915,0.8939788670157123,50.63243191407748,1.1477180784214842
39,600,0.03,15,50,0.8,0.8,5.0,0.02397303369820922,0.006167036871498287,0.015983212285431675,0.002574900922849195,-0.009311389781563068,0.01619787377186011,1.0050414516030313,0.890012607674055,52.4646784298683,1.321463872674042
10,600,0.01,8,100,0.8,0.8,0.0,0.023974861304850537,0.006149347790249837,0.015940269333893104,0.0026159551870241645,-0.009858755230695487,0.014919920176571802,1.0045035953451404,0.8891083066429608,53.60024293568597,2.56223988613022
11,600,0.01,8,100,0.8,0.8,5.0,0.02397490964625016,0.006150061075515063,0.015948370561747756,0.0026083960773528804,-0.009846790232206387,0.014974828649635202,1.0044156291921211,0.8891193619357293,53.22161488300729,2.1086367992870714
18,600,0.01,31,20,0.8,0.8,0.0,0.023979486428510874,0.00629016134397195,0.01596863985087612,0.0026513762494862684,-0.007023668588332255,0.0049200259276645205,1.0083755380542532,0.8992357261004744,50.69588287942718,0.6953606974551799
23,600,0.01,31,100,0.8,0.8,5.0,0.02397985036619829,0.006141424873309551,0.015957543053183674,0.0025933801591612707,-0.01050453813606303,0.016313393943932226,1.0045742375562816,0.8889564723101522,53.2847461961386,2.5508122050121025
17,600,0.01,15,100,0.8,0.8,5.0,0.02397985036619829,0.006141424873309551,0.015957543053183674,0.0025933801591612707,-0.01050453813606303,0.016313393943932226,1.0045742375562816,0.8889564723101522,53.2847461961386,2.5508122050121025
13,600,0.01,15,20,0.8,0.8,5.0,0.023979873458095345,0.00622536592654587,0.015988426326000532,0.00259337654324501,-0.008500554947477423,0.006344096207429453,1.006460792685232,0.8939678294971172,50.821825853471424,2.5070972321076552
36,600,0.03,15,20,0.8,0.8,0.0,0.023985133891595282,0.006268704277773728,0.015970865156881113,0.0026258582260245814,-0.007962856807523455,0.004222787400472535,1.0091294448553976,0.9001604837521305,50.44175936581,2.58854382238496
41,600,0.03,15,100,0.8,0.8,5.0,0.024007931156764105,0.006103686371097734,0.01597287906248777,0.0025629021003423795,-0.013999150838337832,0.022491508301012025,1.0056254890051037,0.8887569311065467,52.5258918296893,2.6624495477403265
47,600,0.03,31,100,0.8,0.8,5.0,0.024007931156764105,0.006103686371097734,0.01597287906248777,0.0025629021003423795,-0.013999150838337832,0.022491508301012025,1.0056254890051037,0.8887569311065467,52.5258918296893,2.6624495477403265
42,600,0.03,31,20,0.8,0.8,0.0,0.024015570789148278,0.006260406482519827,0.016006711744557242,0.002626021057875675,-0.010917933925462253,0.005745604368453759,1.0087568610960178,0.8982245972815923,51.137322593018794,1.6829430356505364
22,600,0.01,31,100,0.8,0.8,0.0,0.02402318880014548,0.0060990560643679305,0.01598554582225744,0.002558266970093422,-0.01555602860523117,0.02489829681261983,1.005631509049268,0.8883738352221177,53.41084899629203,2.6608037816042476
16,600,0.01,15,100,0.8,0.8,0.0,0.02402318880014548,0.0060990560643679305,0.01598554582225744,0.002558266970093422,-0.01555602860523117,0.02489829681261983,1.005631509049268,0.8883738352221177,53.41084899629203,2.6608037816042476
34,600,0.03,8,100,0.8,0.8,0.0,0.02402556665514987,0.006101155619949477,0.015991241510449106,0.0025448026746013935,-0.015708259274787445,0.024387475539792737,1.0062557926179487,0.8891561222915509,52.588863316711425,2.756120004197151
46,600,0.03,31,100,0.8,0.8,0.0,0.024026568881279194,0.00611934895471703,0.015987348494982262,0.002585881975292712,-0.015383209652263502,0.022759926679644504,1.007106457752893,0.8912284711828601,51.45249968034778,1.609788946637565
40,600,0.03,15,100,0.8,0.8,0.0,0.024026568881279194,0.00611934895471703,0.015987348494982262,0.002585881975292712,-0.015383209652263502,0.022759926679644504,1.007106457752893,0.8912284711828601,51.45249968034778,1.609788946637565
35,600,0.03,8,100,0.8,0.8,5.0,0.02404790993401734,0.006075184256893726,0.01600807959275534,0.002524685152322594,-0.018448842653211645,0.02958142837696842,1.006834648569868,0.8887560549158878,52.90467970847718,2.689169672935548
