asset,split,band,k,n,coverage_pct,qlike,mean_sigma_pct
Bitcoin,validation,conditional,0.8254766404172337,160,60.62499999999999,2.1535702769124074,1.7992722620632322
Bitcoin,validation,conditional_1sigma,0.8254766404172337,160,75.0,1.8748146252684876,2.1796767757762323
Bitcoin,validation,fixed,0.8254766404172337,160,79.375,1.936393914640926,2.381110829707078
Bitcoin,test,conditional,0.8254766404172337,207,65.70048309178745,1.8577277829366734,1.8239171413370319
Bitcoin,test,conditional_1sigma,0.8254766404172337,207,73.91304347826086,1.7671144669809495,2.209532107916635
Bitcoin,test,fixed,0.8254766404172337,207,79.22705314009661,1.7383544820052228,2.381110829707078
Gold,validation,conditional,0.9088836717381992,109,66.05504587155964,2.2062978915097124,1.4312652966090154
Gold,validation,conditional_1sigma,0.9088836717381992,109,72.47706422018348,2.0394883717627064,1.574750808177448
Gold,validation,fixed,0.9088836717381992,109,47.706422018348626,5.118581175993547,0.833071621264064
Gold,test,conditional,0.9088836717381992,143,69.23076923076923,1.3876672450001397,1.6766701339546712
Gold,test,conditional_1sigma,0.9088836717381992,143,75.52447552447552,1.3919844955025487,1.8447576803180048
Gold,test,fixed,0.9088836717381992,143,41.95804195804196,2.986858667506088,0.833071621264064
Silver,validation,conditional,0.870083436691348,109,54.12844036697248,2.2545096987606446,3.2230772988503418
Silver,validation,conditional_1sigma,0.870083436691348,109,57.798165137614674,1.9363431864449956,3.7043312893148315
Silver,validation,fixed,0.870083436691348,109,42.201834862385326,10.132319031817014,1.6431763621516913
Silver,test,conditional,0.870083436691348,143,69.23076923076923,1.5490467346303638,3.4694590814940094
Silver,test,conditional_1sigma,0.870083436691348,143,75.52447552447552,1.5884343450954557,3.9875015833967193
Silver,test,fixed,0.870083436691348,143,44.75524475524475,2.9453386625581524,1.6431763621516913
