asset,model,n_days,first_day,last_day,RMSE_ret,RMSE_ret_naive,RMSE_vs_naive_pct,DM_stat_vs_naive,DM_pvalue,DM_pvalue_vs_drift,DirAcc_pct,DirAcc_n,DirAcc_pvalue,UpCalls_pct,UpDays_pct,corr_pred_actual
Bitcoin,Ridge,2328,2019-10-04,2026-02-16,0.032360454162903216,0.03234427553123189,0.05002007744987491,0.4097743702913564,0.6820091870511198,0.49013565085241684,49.355670103092784,2328,0.7397199127934218,59.57903780068728,50.60137457044674,0.008048623857894625
Bitcoin,RandomForest,2328,2019-10-04,2026-02-16,0.032343955348086095,0.03234427553123189,-0.000989922143990185,-0.004625729311861009,0.996309611663639,0.5228341434611898,49.95704467353952,2328,0.5247881776499405,52.87800687285223,50.60137457044674,0.03960487035838596
Bitcoin,LightGBM,2328,2019-10-04,2026-02-16,0.03233326731297323,0.03234427553123189,-0.034034517941305964,-0.17417632346251133,0.8617420432315006,0.36335431472804336,51.15979381443299,2328,0.13599999461987108,57.86082474226804,50.60137457044674,0.03857972521727145
Bitcoin,CatBoost,2328,2019-10-04,2026-02-16,0.0323148990932415,0.03234427553123189,-0.09082422625922293,-0.7595193872410758,0.44761885453766626,0.0390349140015529,50.2147766323024,2328,0.4260167133353654,68.34192439862544,50.60137457044674,0.037625065814505
Bitcoin,GRU,2328,2019-10-04,2026-02-16,0.03243204739361166,0.03234427553123189,0.27136753239385136,2.0851750641944444,0.03716215453928973,0.13598843783496917,49.39862542955326,2328,0.7260901910638475,70.01718213058419,50.60137457044674,-0.0378032219321442
Bitcoin,LSTM,2328,2019-10-04,2026-02-16,0.03245338591484208,0.03234427553123189,0.3373406323626815,2.9103767626940997,0.003644220927680575,0.012884938457009332,48.797250859106526,2328,0.881274044427613,65.893470790378,50.60137457044674,-0.046686647855280726
Bitcoin,Combined,2328,2019-10-04,2026-02-16,0.03233829449999089,0.03234427553123189,-0.018491776806761617,-0.16908864674067361,0.8657416112549199,0.09034081266485838,50.77319587628866,2328,0.2341076237868238,67.09621993127148,50.60137457044674,0.01769924739830427
Bitcoin,Naive-Mean,2328,2019-10-04,2026-02-16,0.03238748899155957,0.03234427553123189,0.13360466301355345,2.237088673436167,0.025374895590294155,,48.797250859106526,2328,0.881274044427613,75.0,50.60137457044674,-0.06416632508884591
Gold,Ridge,1584,2019-10-29,2026-02-13,0.011345112569455047,0.011368803792320305,-0.2083880001628846,-1.9586968769094593,0.050323651031136674,0.4095150619097998,54.752851711026615,1578,8.720044319136878e-05,89.58333333333334,55.55555555555556,0.03338909580029795
Gold,RandomForest,1584,2019-10-29,2026-02-13,0.01137702645294946,0.011368803792320305,0.07232652422684005,0.3095554177175811,0.7569398046235645,0.34365415657100007,51.90114068441065,1578,0.0687267590647977,70.13888888888889,55.55555555555556,0.013187300428696178
Gold,LightGBM,1584,2019-10-29,2026-02-13,0.011352146134623873,0.011368803792320305,-0.1465207597978302,-1.8746053139945904,0.06103105780087814,0.8999922674926673,55.76679340937896,1578,2.5429644356916586e-06,100.0,55.55555555555556,-0.0017937280037363568
Gold,CatBoost,1584,2019-10-29,2026-02-13,0.011319283538237135,0.011368803792320305,-0.43558016294221735,-1.0737718556383349,0.2830885958928244,0.48816782888449195,54.81622306717364,1578,7.120846084940313e-05,86.93181818181817,55.55555555555556,0.0792523887460946
Gold,GRU,1584,2019-10-29,2026-02-13,0.01136111120780849,0.011368803792320305,-0.06766397461280826,-0.49276102657535975,0.6222497913227731,0.5447710253840343,51.07731305449936,1578,0.20306664425526497,50.63131313131313,55.55555555555556,0.03507938931622609
Gold,LSTM,1584,2019-10-29,2026-02-13,0.011379081095405004,0.011368803792320305,0.09039915959885292,0.6115849844925553,0.5409001936040161,0.1530972444411105,46.958174904942965,1578,0.9927067634640949,27.65151515151515,55.55555555555556,0.018293021177094162
Gold,Combined,1584,2019-10-29,2026-02-13,0.011344575931808033,0.011368803792320305,-0.2131082649930005,-1.724972465796377,0.08472761941111884,0.5704510237264393,52.534854245880865,1578,0.023348927407011645,74.17929292929293,55.55555555555556,0.04843268883854352
Gold,Naive-Mean,1584,2019-10-29,2026-02-13,0.011352637670430812,0.011368803792320305,-0.14219721076031977,-1.8134704865402376,0.0699485805603337,,55.76679340937896,1578,2.5429644356916586e-06,100.0,55.55555555555556,-0.016522860644099906
Silver,Ridge,1584,2019-10-29,2026-02-13,0.024728766014637065,0.02471565540773271,0.053045758601477644,0.3356400705120192,0.7371867800064416,0.5642716716766323,53.286978508217445,1582,0.004793401114729401,77.65151515151516,53.40909090909091,-0.026939201399252388
Silver,RandomForest,1584,2019-10-29,2026-02-13,0.02474635087652546,0.02471565540773271,0.12419443581961342,0.4556980606949398,0.648669617809277,0.5641329689431394,51.07458912768647,1582,0.20336368565925214,56.755050505050505,53.40909090909091,0.013341484148888853
Silver,LightGBM,1584,2019-10-29,2026-02-13,0.0246978569149102,0.02471565540773271,-0.07201303193821174,-0.8129520204856447,0.41636781368457143,0.5470765642544193,53.286978508217445,1582,0.004793401114729401,82.63888888888889,53.40909090909091,0.02450399610316855
Silver,CatBoost,1584,2019-10-29,2026-02-13,0.024707879905583357,0.02471565540773271,-0.031459825851587464,-0.5080152167438847,0.6115134500605699,0.9012946839023044,53.47661188369153,1582,0.00305889886573586,93.68686868686868,53.40909090909091,-0.00586179523081303
Silver,GRU,1584,2019-10-29,2026-02-13,0.024674659312796988,0.02471565540773271,-0.16587096016436043,-0.8010971893089005,0.4231956040675471,0.4585241939448159,52.338811630847026,1582,0.033209738756729335,74.87373737373737,53.40909090909091,0.04730908949137514
Silver,LSTM,1584,2019-10-29,2026-02-13,0.024729631259336027,0.02471565540773271,0.05654655469482517,0.25593732543812947,0.7980324854610088,0.680144160111928,51.201011378002526,1582,0.17612321017569968,59.97474747474747,53.40909090909091,-0.008034026276794046
Silver,Combined,1584,2019-10-29,2026-02-13,0.024701428050500636,0.02471565540773271,-0.057564151131594965,-0.3970512822287286,0.6913831686444674,0.8047421324388166,52.718078381795195,1582,0.016280426608959474,77.96717171717171,53.40909090909091,0.01815355607521183
Silver,Naive-Mean,1584,2019-10-29,2026-02-13,0.024709077624797925,0.02471565540773271,-0.026613831704114244,-0.6644441471986134,0.5065028574048152,,53.47661188369153,1582,0.00305889886573586,100.0,53.40909090909091,-0.02470976428433545
